cadeia,osm_id,nome,marca,filial,tipo_comercio,morada_completa,rua,numero_porta,codigo_postal,cidade,telefone,email,website,horario,acessibilidade_cadeira_rodas,latitude,longitude
Alcampo,relation/17961664,Alcampo,Alcampo,,supermarket,,,,,,,,,,,41.9669832,2.7810003
Alcampo,node/26261483,Alcampo,Alcampo,,supermarket,Avenida de Monforte de Lemos 36,Avenida de Monforte de Lemos,36,28029,Madrid,,,,,,40.480352,-3.7068876
Alcampo,way/28672877,Alcampo,Alcampo,,supermarket,,,,,,,,,Mo-Sa 10:00-22:00,,28.4635752,-16.3065039
Alcampo,way/28892141,Alcampo,Alcampo,,supermarket,,,,,,,,,"Mo-Sa 09:00-22:00; Su,PH 09:00-20:00; Jan 01,06,May 01,Dec 25 off; Dec 24,31 09:00-19:00",yes,40.3931896,-3.654694
Alcampo,way/31549489,Alcampo,Alcampo,,supermarket,Avenida de Madrid s/n,Avenida de Madrid,s/n,36214,,,,,,,42.2152257,-8.7013419
Alcampo,way/36276081,Alcampo,Alcampo,,supermarket,Ronda del Tamarguillo 27,Ronda del Tamarguillo,27,41006,Sevilla,+34 954 66 22 33,web.sevilla@alcampo.es,https://www.alcampo.es/empresa/tienda/sevillaosp,Mo-Sa 09:00-22:00,limited,37.3700494,-5.9663333
Alcampo,way/36728806,Alcampo,Alcampo,,supermarket,,,,,,+34 947 54 66 28,,https://alcampo.es/,Mo-Sa 09:00-22:00; Su off,yes,41.6771156,-3.6908315
Alcampo,way/36821482,Mi Alcampo,Alcampo,,supermarket,,,,,,,,,Mo-Sa 09:30-21:00,,42.4360682,0.0842891
Alcampo,way/39699768,Alcampo,Alcampo,,supermarket,Florida auzoa,Florida auzoa,,20120,Hernani,,,,,,43.2699384,-1.9707704
Alcampo,way/40155525,Alcampo,Alcampo,,supermarket,,,,,,,,,,yes,43.3172927,-1.9150265
Alcampo,way/50675518,Alcampo,Alcampo,,supermarket,,,,,,,,,,,40.9498449,-5.6607694
Alcampo,way/50918484,Alcampo,Simply Market,,supermarket,,,,,,,,,,,40.6435986,-4.6995629
Alcampo,way/51327348,Alcampo,Alcampo,,supermarket,,,,,,,,,,yes,36.7415191,-3.5295558
Alcampo,way/56131241,Alcampo,Alcampo,,supermarket,Calle Alonso del Castillo 19,Calle Alonso del Castillo,19,,,,,,Mo-Sa 09:00-21:30,,40.9616908,-5.6497898
Alcampo,way/67372108,Alcampo,Alcampo,,supermarket,,,,,,,,,,,42.5180493,-7.5050109
Alcampo,way/72993098,Alcampo,Alcampo,,supermarket,,,,,,,,,,,37.3912366,-5.9124558
Alcampo,way/77183525,Alcampo,Alcampo,,supermarket,San Andres auzoa 8Y,San Andres auzoa,8Y,20500,Arrasate / Mondragon,,,,,,43.0492315,-2.4966715
Alcampo,way/84963298,Alcampo,Alcampo,,supermarket,,,,,Gijón/Xixón,,,,Mo-Sa 09:00-22:00,,43.5107704,-5.6936697
Alcampo,way/92927699,Alcampo,Alcampo,,supermarket,,,,,,,,,,,42.1661883,-8.6229836
Alcampo,way/109173266,Alcampo,Alcampo,,supermarket,,,,,,,,,,,42.0312992,0.1193896
Alcampo,way/111447344,Alcampo,Alcampo,,supermarket,,,,,,,,,,,42.6616148,-2.0346646
Alcampo,way/127927729,Alcampo,Alcampo,,supermarket,,,,,,,,,,yes,28.0109542,-15.3866577
Alcampo,way/129312405,Alcampo,Alcampo,,supermarket,,,,,,,,,,,41.3525226,-1.6332109
Alcampo,way/133641949,Alcampo,Alcampo,,supermarket,,,,,,,,,,,41.6785798,-3.6856675
Alcampo,way/149029722,Alcampo,Alcampo,,supermarket,,,,,,,,,,,43.2989808,-2.9996223
Alcampo,way/150145564,Alcampo,Alcampo,,supermarket,,,,,,,,,,,39.4710457,-0.4906347
Alcampo,way/154054448,Alcampo,Alcampo,,supermarket,Rúa do Areal 10,Rúa do Areal,10,15172,Oleiros,,,https://www.compraonline.alcampo.es/,Mo-Sa 09:00-21:30,,43.3314888,-8.3711627
Alcampo,way/158900499,Alcampo,Alcampo,,supermarket,,,,,,,,,Mo-Sa 09:00-21:00,,43.367012,-1.7953704
Alcampo,way/161502288,Alcampo,Alcampo,,supermarket,,,,,,,,,,,41.6592905,-0.8618881
Alcampo,node/167301935,Alcampo,Alcampo,,supermarket,,,,,,,,,,yes,40.4110395,-3.6967784
Alcampo,way/174444186,Alcampo,Alcampo,,supermarket,Calle de Leganés 50,Calle de Leganés,50,28945,,,,,"Mo-Sa 09:00-21:30; Su,PH 10:00-14:00",,40.2908065,-3.790475
Alcampo,way/175429564,Alcampo,Alcampo,,supermarket,Avenida de Benito Vigo 193,Avenida de Benito Vigo,193,,,+34 913687857,,,Mo-Sa 09:00-21:30,,42.6894408,-8.4751874
Alcampo,way/182457822,Alcampo,Alcampo,,supermarket,,,,,,,,,Mo-Sa 09:00-22:00,,42.2483168,-8.6929993
Alcampo,way/193796649,Alcampo,Alcampo,,supermarket,,,,,,,,,,,43.0768201,-2.3272822
Alcampo,way/195819538,Alcampo,Alcampo,,supermarket,,,,,,,,,,,43.3537953,-2.8389831
Alcampo,way/200037973,Alcampo,Alcampo,,supermarket,Avenida de Viñuelas 50,Avenida de Viñuelas,50,28760,Tres Cantos,,,,"Mo-Sa 09:00-22:00; Su,PH 10:00-21:00",yes,40.5960791,-3.6998222
Alcampo,way/201348523,Alcampo,Alcampo,,supermarket,,,,,,+34 978 64 20 37,,https://www.alcampo.es/empresa/tienda/teruel,,,40.3340293,-1.0882312
Alcampo,way/205143331,Alcampo,Alcampo,,supermarket,,,,,,,,,,,42.4564109,-2.4765327
Alcampo,way/205658129,Alcampo,Alcampo,,supermarket,,,,,,,,,,,38.7791195,-3.3886544
Alcampo,way/216748860,Alcampo,Alcampo,,supermarket,Avenida San Cristobal,Avenida San Cristobal,,,Linares,,,,,,38.088369,-3.6466809
Alcampo,way/219856262,Alcampo,Alcampo,,supermarket,,,,,,,,,,,41.7882851,-1.21778
Alcampo,way/221671192,Alcampo,Alcampo,,supermarket,Rúa San Nicolás,Rúa San Nicolás,,,Narón,,,,Mo-Sa 09:00-22:00,,43.5159202,-8.1707116
Alcampo,way/222353481,Alcampo,Alcampo,,supermarket,,,,,,+34 913 687 857,,,,,43.542357,-6.1010782
Alcampo,way/229045901,Alcampo,Alcampo,,supermarket,,,,,,,,,,,42.5661097,-2.8674193
Alcampo,way/240940432,Alcampo,Alcampo,,supermarket,,,,,,,,,,,40.320374,-3.7848692
Alcampo,way/242745986,Alcampo,Maxi Dia,,supermarket,,,,,,,,,,,42.2636289,-8.7647255
Alcampo,node/249092450,Alcampo,Alcampo,,supermarket,,,,,,,,,,,41.6613584,-0.8996528
Alcampo,way/250295423,Alcampo,Alcampo,,supermarket,,,,,,,,,Mo-Sa 09:00-22:00,,43.4694782,-8.180107
Alcampo,node/252756473,Alcampo,Alcampo,,supermarket,,,,,,,,,,,41.6579696,-0.891647
Alcampo,way/258171752,Alcampo,Alcampo,,supermarket,,,,,,,,,,,39.9066524,-4.0167768
Alcampo,node/260786200,Alcampo,Alcampo,,supermarket,,,,,,,,,,,41.5285035,2.0896983
Alcampo,node/263380445,Alcampo,Alcampo,,supermarket,,,,,,,,,Mo-Sa 09:00-22:00,,42.0531269,-1.5986641
Alcampo,node/264101836,Alcampo,Alcampo,,supermarket,,,,,,,,,Mo-Sa 09:00-22:00,limited,41.6374519,-0.8743043
Alcampo,way/289623849,Alcampo,Alcampo,,supermarket,,,,,,,,,,,40.6708646,-0.7043765
Alcampo,way/291576617,Alcampo,Alcampo,,supermarket,,,,,,,,,,,43.3262474,-2.6782099
Alcampo,node/296469022,Alcampo,Alcampo,,supermarket,,,,,,,,,Mo-Sa 09:00-21:30,yes,41.6610583,-0.8780315
Alcampo,way/305640814,Alcampo,Alcampo,,supermarket,Calle Río Manzanares 6,Calle Río Manzanares,6,,Valdemoro,,,,,,40.1936139,-3.6825978
Alcampo,way/305738950,Alcampo,Alcampo,,supermarket,Avenida del Cardenal Herrera Oria 103,Avenida del Cardenal Herrera Oria,103,39011,Santander,,,,Mo-Fr 09:00-21:00,,43.4553362,-3.8525884
Alcampo,way/315394061,Alcampo,Alcampo,,supermarket,,,,,,,,,,,41.1454576,1.0976676
Alcampo,way/315915228,Alcampo,Alcampo,,supermarket,Calle del Bálago 5,Calle del Bálago,5,47009,Valladolid,,,,Mo-Sa 09:00-21:30,,41.6573754,-4.7387384
Alcampo,way/317748139,Alcampo,Alcampo,,supermarket,Avenida de Madrid 171,Avenida de Madrid,171,26007,Logroño,,,,Mo-Sa 09:00-22:00,,42.4426946,-2.450627
Alcampo,way/317874283,Alcampo,Alcampo,,supermarket,,,,,,,,,,,42.1283989,-1.1259571
Alcampo,way/328680617,Alcampo,Alcampo,,supermarket,,,,,,,,,,,41.6587061,-3.6940091
Alcampo,node/353133729,Alcampo,Alcampo,,supermarket,Avenida del Monasterio de El Escorial 35,Avenida del Monasterio de El Escorial,35,28049,,+34 913 68 78 57,,https://compraonline.alcampo.es/,Mo-Sa 09:15-21:30; Su 10:00-15:00,,40.5041255,-3.7030859
Alcampo,way/357144721,Alcampo,Alcampo,,supermarket,,,,15100,Carballo,,,https://www.alcampo.es/,Mo-Sa 09:00-21:30,,43.2221167,-8.6857887
Alcampo,way/360205914,Alcampo,Alcampo,,supermarket,,,,,,,,,,,42.4130949,-8.8134374
Alcampo,way/361413360,Alcampo,Alcampo,,supermarket,Avenida Cantabria 13,Avenida Cantabria,13,39220,Polientes,,,,,,42.8047343,-3.9442407
Alcampo,way/364405525,Alcampo,Alcampo,,supermarket,,,,,,,,,Mo-Sa 09:00-21:30,,42.3152831,-7.862989
Alcampo,way/366817583,Alcampo,Alcampo,,supermarket,,,,,,,,,,,40.3864387,-5.7579233
Alcampo,way/371778912,Alcampo,Alcampo,,supermarket,Aiotzategi kalea 18-20,Aiotzategi kalea,18-20,20115,Astigarraga,,,,Mo-Sa 09:00-21:00,,43.2779461,-1.9536563
Alcampo,way/375664273,Alcampo,Alcampo,,supermarket,Albala,Albala,,,,,,,,,40.4363748,-3.6189269
Alcampo,way/384176715,Alcampo,Alcampo,,supermarket,Avenida de Daganzo 2A,Avenida de Daganzo,2A,28806,Alcalá de Henares,+34 913 68 78 57,,https://compraonline.alcampo.es/,,,40.4899093,-3.37491
Alcampo,way/462404297,Alcampo,Alcampo,,supermarket,,,,,,,,,10:00-22:00,yes,41.7016957,-1.0030998
Alcampo,node/477301385,Alcampo,Alcampo,,supermarket,,,,,,,,,,,42.8392126,-2.6666577
Alcampo,node/481013836,Alcampo,Alcampo,,supermarket,Calle Manuel Romano 7,Calle Manuel Romano,7,,,,,,Mo-Sa 09:00-21:30,,43.4206323,-4.7568287
Alcampo,node/503580029,Alcampo,Alcampo,,supermarket,,,,,,,,,07:00-01:00,,42.853302,-2.6807921
Alcampo,node/505254429,Alcampo,Alcampo,,supermarket,Calle de las Tejeras 4,Calle de las Tejeras,4,,,,,https://www.compraonline.alcampo.es/,,,42.4513998,-2.4685526
Alcampo,node/520309023,Alcampo,Alcampo,,supermarket,,,,,,,,,,,42.3495655,-3.695316
Alcampo,node/520309029,Alcampo,Alcampo,,supermarket,,,,,,,,,,,42.349529,-3.6947534
Alcampo,node/521836040,Alcampo,Alcampo,,supermarket,Calle Valcuerna,Calle Valcuerna,,26005,Logroño,,,,,,42.4655713,-2.4583863
Alcampo,node/527881489,Mi Alcampo,Simply Market,,supermarket,,,,,,,,,,,41.6514292,-0.9054375
Alcampo,node/530613394,Alcampo,Alcampo,,supermarket,,,,,Alcalá de Henares,,,,,,40.5017421,-3.3324291
Alcampo,way/551676638,Alcampo,Alcampo,,supermarket,,,,,,,,,,,41.7676299,-1.1179454
Alcampo,way/572723988,Alcampo,Alcampo,,supermarket,Calle Kálamos,Calle Kálamos,,28232,Las Rozas de Madrid,,,,Mo-Sa 09:00-22:00; Su 10:00-15:00,,40.5205808,-3.935008
Alcampo,node/576316026,Alcampo,Alcampo,,supermarket,,,,,,,,,,,40.53452,-3.6370272
Alcampo,way/584410690,Supermercado Alcampo,Alcampo,,supermarket,Calle del Lago Garda 2,Calle del Lago Garda,2,28521,Rivas-Vaciamadrid,,,,,,40.3286265,-3.5116932
Alcampo,node/589812788,Alcampo,Alcampo,,supermarket,,,,,,,,,,,41.4262035,2.2303008
Alcampo,way/606405487,Alcampo,Alcampo,,supermarket,Carrer de la Piera 11,Carrer de la Piera,11,08800,,+34 938145249,,https://www.alcampo.es,,,41.2218982,1.7358133
Alcampo,way/612859076,Alcampo,Alcampo,,supermarket,,,,,,,,,,,43.42514,-4.0407643
Alcampo,way/634386619,Alcampo,Alcampo,,supermarket,,,,,,,,,,,40.819227,0.5145099
Alcampo,node/638731018,Alcampo,Alcampo,,supermarket,,,,,,,,,,yes,42.3378475,-3.6945419
Alcampo,node/644989468,Alcampo,Alcampo,supermerkatua,supermarket,Girizi kalea 2,Girizi kalea,2,20280,Hondarribia,,,,Mo-Sa 09:00-21:00,,43.3669783,-1.7954051
Alcampo,node/646660686,Alcampo,Alcampo,,supermarket,,,,,,,,,Mo-Sa 09:00-21:00,yes,42.3380131,-3.700566
Alcampo,node/651014177,Alcampo,Alcampo,La Vía,supermarket,,,,,,,,,,yes,41.6305094,-0.9084635
Alcampo,way/651581558,Alcampo,Alcampo,,supermarket,,,,,,,,,,,41.3774406,2.0987563
Alcampo,node/654421429,Alcampo,Alcampo,,supermarket,,,,,,,,,,yes,42.3474951,-3.6954634
Alcampo,way/668952576,Alcampo,Alcampo,,supermarket,,,,,,,,,,,42.5951532,-8.7556477
Alcampo,node/670671526,Alcampo,Alcampo,,supermarket,Avenida de Los Duques de Soria,Avenida de Los Duques de Soria,,,,,,,,,41.763068,-2.4705545
Alcampo,way/672290471,Alcampo,Alcampo,,supermarket,Calle Eugenio Lucas 1,Calle Eugenio Lucas,1,50018,Zaragoza,,,,Mo-Sa 08:00-21:00,,41.6883152,-0.8746641
Alcampo,node/679144397,Alcampo,Alcampo,,supermarket,,,,,,,,,,,42.349954,-3.6846802
Alcampo,node/687987943,Alcampo,Alcampo,,supermarket,Avenida de América 22,Avenida de América,22,24401,Ponferrada,,,,Mo-Sa 09:00-21:30,,42.5483564,-6.5901317
Alcampo,node/703084110,Alcampo,Alcampo,,supermarket,Calle Progreso 31,Calle Progreso,31,,"Burgos, Castile y León",,,,Mo-Sa 09:00-22:00,yes,42.3373722,-3.6973048
Alcampo,node/728722100,Alcampo,Alcampo,,supermarket,,,,07141,Marratxí,+34 971 604121,,,Mo-Sa 09:00-22:00,yes,39.6164164,2.7056132
Alcampo,way/740643654,Alcampo,Alcampo,,supermarket,,,,,,,,,,,41.6463205,-0.8626214
Alcampo,way/758486134,Alcampo,Alcampo,,supermarket,,,,,,,,,,,40.2953705,-3.746409
Alcampo,node/764925622,Alcampo,Alcampo,,supermarket,,,,,,,,,,,42.350268,-3.6652564
Alcampo,node/764925623,Alcampo,Alcampo,,supermarket,,,,,,,,,,,42.3509919,-3.6656467
Alcampo,node/773315370,Alcampo,Alcampo,,supermarket,,,,,,,,,,,40.3490874,-3.8089186
Alcampo,node/778669389,Alcampo,Alcampo,,supermarket,,,,,,,,,,,38.0328079,-1.1494334
Alcampo,way/785473093,Alcampo,Alcampo,,supermarket,Calle del Corregidor Diego de Valderrábano,Calle del Corregidor Diego de Valderrábano,,28017,,,,,Mo-Su 09:00-22:00,limited,40.412224,-3.6605413
Alcampo,node/809618708,Alcampo,Alcampo,,supermarket,Calle Inocencio Ruiz Lasala,Calle Inocencio Ruiz Lasala,,,,,,,09:00-21:30,yes,41.6672774,-0.8271474
Alcampo,node/810259235,Alcampo,Alcampo,,supermarket,,,,,,,,,,,40.4463281,-3.6673818
Alcampo,way/810524388,Alcampo,Alcampo,,supermarket,,,,,,,,,,,41.5142573,-0.6354601
Alcampo,node/835872880,Alcampo,Alcampo,,supermarket,,,,,,,,,,,40.5109016,-3.6897557
Alcampo,node/838615113,MiAlcampo,Alcampo,,supermarket,,,,,,,,,,,41.6423491,-0.8868772
Alcampo,node/839475409,Alcampo,Alcampo,,supermarket,,,,,,,,,,,28.0527138,-16.7155
Alcampo,node/861114728,Alcampo,Alcampo,,supermarket,Calle Gil de Jaz,Calle Gil de Jaz,,,Oviedo / Uviéu,,,,,,43.3632315,-5.8532852
Alcampo,node/869392575,Alcampo,Alcampo,,supermarket,,,,,,,,,Mo-Sa 09:00-22:00,yes,39.5064457,-0.3234948
Alcampo,node/871073554,Alcampo,Alcampo,,supermarket,,,,,,+34 91 656 03 04,,,Mo-Su 10:00-22:00,,40.4751732,-3.4820823
Alcampo,node/911385449,Alcampo,Alcampo,,supermarket,,,,,,,,,Mo-Su 09:00-22:00,yes,42.8823065,-8.5270539
Alcampo,way/937583139,Alcampo,Alcampo,,supermarket,,,,,,,,,,yes,40.1661235,-3.6292997
Alcampo,way/938452727,Alcampo,Alcampo,,supermarket,,,,,,,,,,,42.0346939,0.1276252
Alcampo,node/950171064,Alcampo,Dia,,supermarket,,,,,,,,,,,40.4596891,-3.6961918
Alcampo,node/951403374,Alcampo,Alcampo,,supermarket,Calle Santa Cruz,Calle Santa Cruz,,,,,,,,yes,42.3375916,-3.6970164
Alcampo,node/961006757,Alcampo,Alcampo,,supermarket,,,,,,,,,,,41.6977606,-3.9300443
Alcampo,node/968568879,Alcampo,Alcampo,,supermarket,,,,,,,,,Mo-Sa 09:00-21:30,yes,42.3439447,-3.6922647
Alcampo,node/1023855063,Alcampo,Alcampo,,supermarket,"Avenida de Ponferrada,Astorga","Avenida de Ponferrada,Astorga",,,Astorga,,,https://www.compraonline.alcampo.es/,Mo-Sa 09:00-21:30,,42.4588528,-6.0578603
Alcampo,way/1037781836,Alcampo,Alcampo,,supermarket,,,,,,,,,Mo-Sa 09:00-22:00,,41.9413138,-7.4593996
Alcampo,way/1040818919,Alcampo,Alcampo,,supermarket,,,,,,,,,,,41.0505487,-0.1561803
Alcampo,way/1047397834,Alcampo,Alcampo,,supermarket,,,,,,,,,,,40.3302724,-3.8293588
Alcampo,way/1068162666,Alcampo,Alcampo,,supermarket,,,,,,,,https://www.alcampo.es/,,,42.6870208,-2.9492557
Alcampo,node/1092778483,Alcampo,Alcampo,La Plaza de DIA,supermarket,,,,,,,,,,,42.004591,-5.6780523
Alcampo,node/1092878575,Alcampo,Alcampo,Plaza de las Provincias,supermarket,Avenida de las Provincias,Avenida de las Provincias,,,,,,https://www.e-leclerc.es/fuenlabrada/,,,40.2965137,-3.801264
Alcampo,node/1107610435,Alcampo,Alcampo,,supermarket,,,,,,,,,,,42.3548539,-3.664699
Alcampo,node/1113158375,Alcampo,Alcampo,,supermarket,,,,,,,,,Mo-Sa 09:00-21:30,yes,40.9759435,-5.6590717
Alcampo,way/1119858859,Alcampo,Alcampo,,supermarket,,,,,,,,,,,40.3462756,-3.854815
Alcampo,way/1152656773,Alcampo,Alcampo,,supermarket,,,,,,,,,,,43.3860618,-6.074728
Alcampo,way/1158590583,Alcampo,Alcampo,,supermarket,Antxiturri kalea 2,Antxiturri kalea,2,20570,Bergara,,,,,,43.1257654,-2.4226438
Alcampo,way/1192596042,Alcampo,Alcampo,,supermarket,,,,,,+34 941239265,,,Mo-Sa 09:00-22:00,,42.4633629,-2.438935
Alcampo,way/1205324581,Alcampo,Alcampo,,supermarket,Rúa de Ourense,Rúa de Ourense,,,,+34 913 68 78 57,,,,,42.4288884,-8.0651909
Alcampo,way/1214937211,Alcampo,Alcampo,,supermarket,,,,,,,,,,yes,41.3742295,2.1179485
Alcampo,node/1217546006,Alcampo,Alcampo,,supermarket,Paseo de la Esperanza 51,Paseo de la Esperanza,51,28005,Madrid,,,,Mo-Sa 09:00-22:00;Su 10:00-21:00,,40.3990274,-3.7028284
Alcampo,way/1229512972,Alcampo,Alcampo,,supermarket,,,,,,,,,Mo-Su 10:00-22:00,yes,40.3037677,-3.8317074
Alcampo,node/1259431731,Alcampo,Alcampo,,supermarket,,,,,,,,,Mo-Sa 09:30-21:30,,40.5413419,-3.462615
Alcampo,node/1270451605,Alcampo,Alcampo,,supermarket,Calle Burgo de Osma 54,Calle Burgo de Osma,54,09400,Aranda de Duero,+34 913 687 857,,,06:00-00:00,,41.6666297,-3.6883371
Alcampo,way/1308659371,Alcampo,Alcampo,,supermarket,,,,,,,,,,,41.6713183,-0.8367977
Alcampo,way/1359905156,Alcampo,Alcampo,,supermarket,Calle Eugenio Lucas 1,Calle Eugenio Lucas,1,50018,Zaragoza,+34 619 02 69 45,,,,,41.6885281,-0.8746932
Alcampo,way/1371100437,Alcampo,Alcampo,,supermarket,,,,,,+34 985 65 49 49,,,Mo-Sa 09:00-22:00,,43.2877605,-5.6294017
Alcampo,node/1402836542,Alcampo,Alcampo,,supermarket,A-7 Salida 185 C.C. La Cañada (Marbella),A-7 Salida 185 C.C. La Cañada (Marbella),,,Marbella,,,,,,36.5222585,-4.8755492
Alcampo,way/1415958638,Alcampo,Alcampo,,supermarket,Calle Carromajada 9,Calle Carromajada,9,47195,Arroyo de la Encomienda,,,,Mo-Sa 09:00-21:30,,41.6253051,-4.7771362
Alcampo,node/1431425952,Mi Alcampo,Alcampo,,supermarket,,,,,,,,,Mo-Su 07:00-25:00,yes,40.9677321,-5.6670429
Alcampo,way/1446990989,Alcampo,Alcampo,,supermarket,Carretera Zaldibia 1,Carretera Zaldibia,1,20240,Ordizia,,,,,,43.0553107,-2.1706629
Alcampo,node/1448802564,Alcampo,Alcampo,,supermarket,,,,,,,,,,,42.3556611,-3.6651079
Alcampo,node/1489195704,Alcampo,Alcampo,,supermarket,Calle Cuarte 1,Calle Cuarte,1,50007,Zaragoza,,,,Mo-Sa 09:00-21:00,,41.6313223,-0.8874756
Alcampo,way/1531708419,Alcampo,Alcampo,,supermarket,,,,,,,,,,,40.2496527,-3.8252558
Alcampo,node/1531775770,Alcampo,Alcampo,,supermarket,,,,,,,,,,,41.6743558,-3.6857798
Alcampo,node/1540416084,Alcampo,Alcampo,,supermarket,,,,,,,,,Mo-Sa 09:00-22:00,yes,39.0087989,-1.878067
Alcampo,node/1553399713,Alcampo,Alcampo,,supermarket,,,,,,,,,,,40.3403205,-3.7346226
Alcampo,node/1571712415,Alcampo,Alcampo,,supermarket,,,,,,,,,,,40.5681576,-3.9205423
Alcampo,node/1574533233,Alcampo,Alcampo,,supermarket,,,,,,+34 856 813704,,,Mo-Su 09:00-22:00,yes,36.6921233,-6.1575385
Alcampo,node/1596983830,Supermercados Alcampo,Alcampo,,supermarket,,,,,,,,,,,40.3196749,-3.8530511
Alcampo,node/1613316466,Alcampo,Alcampo,,supermarket,Avenida del Castillo 8,Avenida del Castillo,8,24401,Ponferrada,,,,,,42.5478719,-6.5833041
Alcampo,node/1645956393,Alcampo,Alcampo,,supermarket,Calle Miranda do Douro 1,Calle Miranda do Douro,1,,,+34 912 17 04 53,,https://alcampo.es/,Mo-Sa 09:00-21:30; Su off,yes,41.6696267,-3.6860949
Alcampo,node/1645956414,Alcampo,Alcampo,,supermarket,,,,,,,,,,,41.6704017,-3.6791879
Alcampo,node/1667146278,Alcampo,Alcampo,,supermarket,Avenida Manuel Rivera 11,Avenida Manuel Rivera,11,34002,Palencia,,,,Mo-Sa 09:00-21:30,,42.0088531,-4.5273836
Alcampo,node/1667146282,Alcampo,Alcampo,,supermarket,Avenida de Asturias 12,Avenida de Asturias,12,34005,Palencia,,,,Mo-Sa 09:00-21:00,,42.0192444,-4.5419286
Alcampo,node/1674553540,Alcampo,Alcampo,Medina de Pomar,supermarket,Avenida Santander 10,Avenida Santander,10,,,,,https://www.alcampo.es/empresa/tienda/medina-de-pomar,Mo-Sa 09:00-21:30,yes,42.9325446,-3.4876771
Alcampo,node/1732766893,Alcampo,Alcampo,,supermarket,Bentak auzoa 80,Bentak auzoa,80,20305,Irun,,,,Mo-Sa 10:00-22:00,yes,43.3200039,-1.834781
Alcampo,node/1759851014,Alcampo,Alcampo,,supermarket,,,,,,,,https://www.compraonline.alcampo.es/,Mo-Sa 09:00-21:30,yes,40.9724541,-5.6603013
Alcampo,node/1762918447,Alcampo,Alcampo,,supermarket,,,,28224,,,,,,yes,40.4447796,-3.8092429
Alcampo,node/1800116122,Alcampo,Alcampo,,supermarket,,,,,,,,,,,40.9756912,-5.654859
Alcampo,node/1800116123,Alcampo,Alcampo,,supermarket,,,,,,,,,Mo-Sa 09:00-21:30,yes,40.9756842,-5.6542569
Alcampo,node/1800116125,Alcampo,Alcampo,,supermarket,,,,,,,,,Mo-Sa 09:00-21:30,yes,40.9720681,-5.6607757
Alcampo,node/1805478831,Alcampo,Alcampo,,supermarket,Paseo de Fernando el Católico 26,Paseo de Fernando el Católico,26,,,,,,07:00-01:00,,41.6422779,-0.8939874
Alcampo,node/1873047380,Alcampo,Alcampo,,supermarket,,,,41020,,,,,,,37.4084798,-5.910971
Alcampo,node/1886683871,Alcampo,Alcampo,,supermarket,,,,,,,,,Mo-Sa 09:00-21:30,,41.6415296,-4.7199811
Alcampo,node/1889602375,Alcampo,Alcampo,,supermarket,Calle del Doce de Octubre 20,Calle del Doce de Octubre,20,28009,Madrid,,,,,yes,40.4156986,-3.6755879
Alcampo,node/1925983320,Alcampo,Alcampo,,supermarket,Calle Escritora Josefina Rodríguez de Aldecoa 9,Calle Escritora Josefina Rodríguez de Aldecoa,9,24640,La Robla,,,,Mo-Sa 09:00-21:30,,42.8025362,-5.6296155
Alcampo,node/1936373543,Alcampo,Alcampo,,supermarket,Calle de Santa Lucía 31,Calle de Santa Lucía,31,39003,Santander,+34 913687857,,https://www.compraonline.alcampo.es/?utm_campaign=GMB&utm_content=home&utm_medium=organic&utm_source=google&utm_term=sitio_web,Mo-Sa 09:00-21:00; Su off,,43.4644009,-3.8016757
Alcampo,node/1968934061,Alcampo,Alcampo,,supermarket,Plaza de América,Plaza de América,,33005,Oviedo / Uviéu,,,,Mo-Sa 09:00-21:00,,43.3614655,-5.8569676
Alcampo,node/1990175091,Alcampo,Alcampo,,supermarket,,,,,,,,,Mo-Sa 09:00-22:00,yes,42.3497875,-3.6816389
Alcampo,node/2089392814,Alcampo,Alcampo,,supermarket,,,,,,,,,,,41.6402002,-0.8881842
Alcampo,node/2134893924,Alcampo,Alcampo,,supermarket,,,,,,,,,,,36.8540483,-2.4475385
Alcampo,node/2135157829,Alcampo,Alcampo,,supermarket,,,,,,,,,Mo-Sa 09:00-21:30; Su 10:00-15:00,,40.3952352,-3.6976312
Alcampo,node/2157844078,Alcampo,Alcampo,,supermarket,,,,,,,,,,,42.3510987,-3.6704867
Alcampo,node/2184619623,Alcampo,Alcampo,,supermarket,,,,,Infiesto / L'Infiestu,,,,,,43.3473786,-5.3624716
Alcampo,node/2188605547,Alcampo,Alcampo,,supermarket,Avenida Juan Pablo II 88,Avenida Juan Pablo II,88,18013,Granada,+34 958 15 93 39,web.granada@alcampo.es,,Mo-Sa 09:00-22:00,yes,37.1981731,-3.6087694
Alcampo,node/2287969498,Alcampo,Alcampo,,supermarket,,,,,,,,,,,42.6873799,-2.941577
Alcampo,node/2296089898,Alcampo,Alcampo,,supermarket,Calle Justo Cantón Salazar 30,Calle Justo Cantón Salazar,30,,,,,,,,42.5506002,-3.3219596
Alcampo,node/2296581635,Alcampo,Alcampo,,supermarket,,,,,,,,,,yes,42.5470079,-3.3214759
Alcampo,node/2317250523,Alcampo,Alcampo,,supermarket,Avenida de Martínez de Velasco,Avenida de Martínez de Velasco,,22004,,+34 974211278,,,Mo-Sa 09:30-22:00,,42.1280656,-0.4268047
Alcampo,node/2339199618,Alcampo,Alcampo,,supermarket,,,,,,,,https://www.alcampo.es/empresa/tienda/mendez-alvaro,"Mo-Sa 09:00-22:00; Su,PH 10:00-21:00",yes,40.3947894,-3.6799981
Alcampo,node/2389235142,Alcampo,Alcampo,,supermarket,Calle Diputación 8,Calle Diputación,8,50700,Caspe,,,https://www.alcampo.es,Mo-Sa 09:00-21:30,,41.2354265,-0.045435
Alcampo,node/2419985790,Alcampo,Alcampo,,supermarket,Avenida Zaragoza 27,Avenida Zaragoza,27,50800,Zuera,+34 630 383 385,,,,,41.8656944,-0.7911585
Alcampo,node/2562703420,Alcampo,Alcampo,,supermarket,,,,,,,,,,yes,41.6400873,-0.8683153
Alcampo,node/2636757847,Alcampo,Alcampo,,supermarket,Calle de Maqueda 30,Calle de Maqueda,30,28024,Madrid,+34 915 120 960,,https://www.simply.es/localizador.aspx?idTienda=89,,,40.3937323,-3.7650943
Alcampo,node/2746953150,Alcampo,Alcampo,,supermarket,Calle Bermúdez de Castro,Calle Bermúdez de Castro,,33011,Oviedo,,,,,,43.3717577,-5.8368678
Alcampo,node/2869911219,Alcampo,Alcampo,,supermarket,,,,,,+34 636 289 955,,,Mo-Sa 09:00-21:30,yes,40.9669924,-5.6498141
Alcampo,node/2897349123,Alcampo,Alcampo,,supermarket,,,,24300,Bembibre,,,,Mo-Sa 09:00-21:30,,42.6153008,-6.418977
Alcampo,node/2964261903,Alcampo,Alcampo,,supermarket,,,,,,,,,Mo-Sa 09:00-22:00,yes,42.4187878,-2.7276016
Alcampo,node/2977385564,Alcampo,Alcampo,,supermarket,,,,,,,,,,,40.3892931,-3.692129
Alcampo,node/3013423791,Alcampo,Alcampo,,supermarket,Avenida Castilla 20,Avenida Castilla,20,,,,,,,,41.6676618,-3.6911083
Alcampo,node/3094266560,Alcampo,Alcampo,,supermarket,Carrer de d'Amposta 16,Carrer de d'Amposta,16,43840,Salou,+34 977 38 15 29,,,,,41.0712386,1.1496521
Alcampo,node/3156322873,Alcampo,Alcampo,,supermarket,,,,,,,,,Mo-Sa 09:00-21:30,,41.6410481,-4.7379548
Alcampo,node/3180360932,Alcampo,Alcampo,,supermarket,Carretera de Ledesma 66,Carretera de Ledesma,66,37006,Salamanca,+34 923 249 401,,,Mo-Sa 09:00-21:30,yes,40.975415,-5.6737217
Alcampo,node/3192205086,Alcampo,Alcampo,,supermarket,,,,,,,,,Mo-Su 08:30-23:30,yes,41.4438378,2.2247843
Alcampo,node/3215607258,Alcampo,Alcampo,,supermarket,Avenida de Pablo Gargallo 98,Avenida de Pablo Gargallo,98,50003,Zaragoza,,,,,,41.6613345,-0.9003268
Alcampo,node/3235986181,Alcampo,Alcampo,,supermarket,Calle Ribera de Curtidores 15,Calle Ribera de Curtidores,15,28005,Madrid,,,,,,40.4090064,-3.7071896
Alcampo,node/3275192964,Alcampo,Alcampo,,supermarket,,,,,,,,,"Mo-Su,PH 07:00-01:00",yes,40.9646915,-5.6579682
Alcampo,node/3307991513,Mi Alcampo,Simply Market,,supermarket,Calle del Príncipe Carlos,Calle del Príncipe Carlos,,28050,Madrid,,,,,,40.4922165,-3.6545131
Alcampo,node/3687308042,Alcampo,Alcampo,,supermarket,,,,,,,,,,yes,43.1637931,-2.61894
Alcampo,node/3695442987,Alcampo,Alcampo,,supermarket,,,,,,,,,,,42.9944311,-3.0118645
Alcampo,node/3833453638,Alcampo,Alcampo,,supermarket,,,,,,,,,,,38.3709541,-0.4660362
Alcampo,node/3848241035,Alcampo,Alcampo,,supermarket,,,,,,,,,,,41.5199606,0.336362
Alcampo,node/3903188970,Mi Alcampo,Alcampo,,supermarket,Calle Penazuela 8,Calle Penazuela,8,22640,Sallent de Gállego,+34 974 48 82 78,,,Mo-Su 09:00-20:30,,42.7724133,-0.3304814
Alcampo,node/3918133191,Alcampo,Alcampo,,supermarket,,,,,,,,,Mo-Sa 09:00-21:30; Su 09:00-14:00,yes,40.4740599,-3.6393899
Alcampo,node/3918133192,Alcampo,Alcampo,,supermarket,Avenida de Bucaramanga 2,Avenida de Bucaramanga,2,28033,Madrid,,,,"Mo-Sa 09:00-21:30; PH,Su 09:00-14:00",,40.4720257,-3.6367924
Alcampo,node/3964611355,Mi Alcampo,Alcampo,,supermarket,Carretera de Francia,Carretera de Francia,,22660,,+34 974 45 75 99,,,"Mo-Su 09:00-13:45,16:15-19:30",,42.7354472,-0.313042
Alcampo,node/4037172210,Alcampo,Alcampo,,supermarket,,,,,,,,,Mo-Sa 09:00-21:30,yes,40.9707112,-5.6643884
Alcampo,node/4054224083,Alcampo,Alcampo,,supermarket,,,,,,,,,,,43.3918019,-5.6641756
Alcampo,node/4156062765,Alcampo,Alcampo,,supermarket,Calle del Ferrocarril,Calle del Ferrocarril,,28904,Getafe,,,,Mo-Sa 09:00-21:30; Su 10:00-15:00,yes,40.3074104,-3.735095
Alcampo,node/4182695756,Alcampo,Alcampo,,supermarket,Calle de Ortiz Campos 5,Calle de Ortiz Campos,5,28026,Madrid,,,,Mo-Sa 09:00-22:00; Su 10:00-21:00; PH off,,40.3851303,-3.7071334
Alcampo,node/4254138507,Alcampo,Alcampo,,supermarket,,,,,,,,,Mo-Su 09:00-22:00,yes,38.3547252,-0.4713733
Alcampo,node/4360237994,Alcampo,Alcampo,,supermarket,,,,,,,,,,,41.642801,-0.8751628
Alcampo,node/4382019390,Alcampo,Alcampo,,supermarket,,,,,,,,,,,41.6579421,-0.8927224
Alcampo,node/4392218394,Alcampo,Alcampo,,supermarket,,,,,,,,,,,41.6293,-0.886154
Alcampo,node/4469321825,Alcampo,Alcampo,,supermarket,Calle Torrecerredo 17,Calle Torrecerredo,17,33012,Oviedo,,,,"Mo-Sa 09:00-21:30; Su,PH off",limited,43.3699452,-5.8551289
Alcampo,node/4489090990,Mi Alcampo,Alcampo,,supermarket,,,,,,,,,,,41.3863467,2.1814403
Alcampo,node/4502243949,Alcampo,Alcampo,,supermarket,,,,,,,,,,,41.652128,-0.9017707
Alcampo,node/4606175494,Alcampo,Alcampo,,supermarket,Calle de Alcalá 170,Calle de Alcalá,170,28028,Madrid,+34 917 25 35 40,,,,yes,40.4290191,-3.666466
Alcampo,node/4709937120,Alcampo,Alcampo,,supermarket,Carrer de les Alberedes 6-12,Carrer de les Alberedes,6-12,08830,Sant Boi de Llobregat,,,https://ccsantboi.es/local/alcampo,Mo-Su 10:00-22:00,,41.331345,2.051514
Alcampo,node/4717202728,Alcampo,Alcampo,,supermarket,,,,,,,,,,,42.6861854,-2.9398626
Alcampo,node/4807531966,Alcampo,Alcampo,,supermarket,,,,,,,,,,,41.7659066,-2.4750442
Alcampo,node/4808733761,Alcampo Lugo,Alcampo,,supermarket,,,,,,,,,,,43.0303467,-7.5709215
Alcampo,node/4821420460,Mi Alcampo,Alcampo,,supermarket,,,,,,,,,,yes,41.6432496,-0.9092111
Alcampo,node/4821481346,Alcampo,Alcampo,,supermarket,,,,,,,,,,yes,41.6485916,-0.9138586
Alcampo,node/4878637224,Alcampo,Simply Market,,supermarket,Avenida del Ejército 14,Avenida del Ejército,14,,,,,,"Mo-Fr 09:00-13:30,17:00-20:00; Sa 09:00-13:30",yes,42.5089689,-0.3569006
Alcampo,node/4958162478,Alcampo,Alcampo,,supermarket,,,,,,,,,,,43.3569041,-5.8489599
Alcampo,node/4958625152,Alcampo Supermercado,La Plaza de DIA,,supermarket,,,,,,,,,,,40.031941,-3.6093147
Alcampo,node/4991078718,Autoservicio Alcampo - Merche y Ana,Alcampo,,supermarket,Calle Real 13,Calle Real,13,28720,Bustarviejo,,,,,,40.8580861,-3.7104896
Alcampo,node/5107932054,Alcampo,Alcampo,,supermarket,Calle de San Vicente Mártir 20,Calle de San Vicente Mártir,20,,,,,,Mo-Sa 09:00-22:00,,41.6446746,-0.8811955
Alcampo,node/5204958239,Alcampo,Alcampo,,supermarket,,,,,,,,,,,40.4239428,-3.6780412
Alcampo,node/5260870393,Alcampo,Alcampo,,supermarket,,,,,,,,,,,41.0745141,1.1805837
Alcampo,node/5266042531,Alcampo,Alcampo,,supermarket,Calle de la Cigüeña 28,Calle de la Cigüeña,28,26004,Logroño,,,,Mo-Sa 09:00-21:00,,42.4648315,-2.4315602
Alcampo,node/5301224721,Alcampo,Alcampo,,supermarket,Calle de Sandoval,Calle de Sandoval,,47003,Valladolid,,,,Mo-Su 07:00-01:00,,41.6537381,-4.7286009
Alcampo,node/5318369223,Mi Alcampo,Alcampo,,supermarket,,,,,,,,,,yes,41.4103144,2.1565212
Alcampo,node/5477397955,Alcampo,Alcampo,,supermarket,,,,,,+34 922 32 63 63,web.orotava@alcampo.es,https://www.alcampo.es,Mo-Sa 09:00-22:00,yes,28.3952956,-16.5474942
Alcampo,node/5488123923,Alcampo,Alcampo,,supermarket,Calle de Juan Bravo 58,Calle de Juan Bravo,58,,,,,,,,40.4322049,-3.6740912
Alcampo,node/5552807217,Alcampo,Alcampo,,supermarket,,,,,,,,,,,43.3483987,-4.0510159
Alcampo,node/5552814323,Alcampo,Alcampo,,supermarket,,,,,,,,,,,43.3482477,-4.0516913
Alcampo,node/5592798232,Alcampo,Alcampo,,supermarket,Lugar de Palavea 1,Lugar de Palavea,1,15009,A Coruña,,,https://www.alcampo.es/,Mo-Sa 09:00-22:00,,43.3289249,-8.3912762
Alcampo,node/5790680952,Alcampo,Alcampo,,supermarket,,,,,,,,,,,41.6369603,-0.8666921
Alcampo,node/5799508026,Alcampo,Alcampo,,supermarket,Paseo de Fernando el Católico 52,Paseo de Fernando el Católico,52,,,,,,Mo-Sa 09:00-21:30,yes,41.639472,-0.896598
Alcampo,node/5800474617,Alcampo,Alcampo,,supermarket,Avenida del Estadio 1,Avenida del Estadio,1,47140,,+34913687857,,https://compraonline.alcampo.es,Mo-Su 07:00-01:00,,41.5839705,-4.7257367
Alcampo,node/5813340155,Alcampo,Alcampo,,supermarket,Calle Miraflores 15,Calle Miraflores,15,,,,,,,,41.6442347,-0.8745346
Alcampo,node/5830705404,Alcampo,Alcampo,,supermarket,,,,,,,,,,,40.4893823,-3.8763957
Alcampo,node/5878277287,Alcampo,Alcampo,,supermarket,Avenida de las Tres Cruces 26,Avenida de las Tres Cruces,26,49008,Zamora,+34 913 68 78 57,,,Mo-Sa 09:00-21:30,,41.5109243,-5.7410364
Alcampo,node/5984155451,Alcampo,Alcampo,,supermarket,,,,,,,,,,,40.0775733,-2.1509926
Alcampo,node/6011096859,Alcampo,Alcampo,,supermarket,,,,,,,,,,,42.3507751,-3.6711514
Alcampo,node/6023106966,Alcampo,Alcampo,,supermarket,,,,,,,,,,,41.6704958,-0.8459367
Alcampo,node/6052374051,MiAlcampo,Alcampo,,supermarket,Plaça de Sant Jaume 2,Plaça de Sant Jaume,2,08002,,,,,,,41.3823442,2.176844
Alcampo,node/6109337685,Mi Alcampo,Alcampo,,supermarket,Avinguda de la Mare de Déu de Montserrat 110,Avinguda de la Mare de Déu de Montserrat,110,08024,Barcelona,,,https://www.compraonline.alcampo.es,,,41.4154967,2.1691716
Alcampo,node/6168719794,Alcampo,Alcampo,,supermarket,Calle de las Servillas 7,Calle de las Servillas,7,,,+34 941 509455,,,"Mo-Su,PH 07:00-01:00",,42.4547107,-2.4396654
Alcampo,node/6171266789,Alcampo,Alcampo,,supermarket,Calle Alonso Carbonell 3,Calle Alonso Carbonell,3,28045,Madrid,,,,Mo-Sa 09:00-21:30,no,40.3951407,-3.6963505
Alcampo,node/6237179402,Alcampo,Alcampo,,supermarket,,,,,,,,,,,40.3559736,-3.5474044
Alcampo,node/6318337786,MiAlcampo,Alcampo,,supermarket,,,,,,+34 977 38 54 29,,,Mo-Su 09:00-22:00,,41.0754507,1.1471638
Alcampo,node/6339732806,Mi Alcampo,Alcampo,,supermarket,,,,,,,,,24/7,,41.3907371,2.1588705
Alcampo,node/6353301719,Alcampo,Alcampo,,supermarket,Calle San Antonio 5,Calle San Antonio,5,33430,Candás,,,https://compraonline.alcampo.es/,Mo-Sa 09:00-21:30,,43.591184,-5.7638034
Alcampo,node/6356688985,Alcampo,Alcampo,,supermarket,,,,,,,,,,,41.6441739,-0.8747313
Alcampo,node/6379409984,Mi Alcampo,Alcampo,,supermarket,Calle Mosén Damián Borobia,Calle Mosén Damián Borobia,,50016,Zaragoza,,,,07:00-01:00,,41.6666131,-0.8317472
Alcampo,node/6578310894,Mi Alcampo,La Plaza de DIA,,supermarket,,,,,,,,,,,40.4699638,-3.7024907
Alcampo,node/6585138585,Alcampo,Alcampo,,supermarket,,,,,,,,,,,41.0825151,1.1827723
Alcampo,node/6597599498,Alcampo,Alcampo,,supermarket,Avenida de Nuestra Señora de Fátima 99,Avenida de Nuestra Señora de Fátima,99,28047,Madrid,,,,Mo-Su 09:00-21:00,yes,40.378698,-3.7486522
Alcampo,node/6660570473,Alcampo,Alcampo,,supermarket,,,,,,,,,Mo-Sa 09:00-21:30,,42.9395189,-6.3188531
Alcampo,node/6698843794,Alcampo,Alcampo,,supermarket,Calle San Marcos 9,Calle San Marcos,9,37770,Guijuelo,,,,Mo-Sa 09:00-21:30,,40.5588644,-5.6712147
Alcampo,node/6796086585,Alcampo,Alcampo,,supermarket,,,,,,,,,,,40.4384238,-3.6674315
Alcampo,node/6834686071,Alcampo,Alcampo,,supermarket,,,,,,,,,Mo-Sa 09:00-22:00; Su 10:00-21:00,yes,40.4614899,-3.6937827
Alcampo,node/6852631737,Alcampo,Alcampo,,supermarket,,,,,,,,,Mo-Sa 09:00-22:00,yes,43.4917927,-8.207942
Alcampo,node/6922981208,Alcampo,Alcampo,City,supermarket,,,,,,,,,,,40.3910238,-3.7019681
Alcampo,node/6934240220,Alcampo,Alcampo,,supermarket,,,,,,,,,,,41.6461155,-0.8626507
Alcampo,node/6934766400,Alcampo,Alcampo,,supermarket,,,,,,,,,,,41.6550514,-0.8872752
Alcampo,node/6939194726,Alcampo,Alcampo,,supermarket,Calle del Arzobispo Casimiro Morcillo 20,Calle del Arzobispo Casimiro Morcillo,20,50006,Zaragoza,,,https://www.alcampo.es/empresa/tienda/arzobispo-morcillo,"Mo-Fr 09:00-22:00; PH,Sa,Su 09:00-14:30,17:30-22:00",,41.6377643,-0.8904061
Alcampo,node/7091021880,Alcampo,Alcampo,,supermarket,,,,,,,,,"PH,Mo-Su 09:00-22:00",yes,41.3784,2.17852
Alcampo,node/7093474324,Alcampo,Alcampo,,supermarket,Calle Manifestación 42,Calle Manifestación,42,50003,Zaragoza,,,,Mo-Su 08:45-22:15,,41.6554808,-0.8800606
Alcampo,node/7140274232,Alcampo,Alcampo,,supermarket,,,,,,,,,,,41.7654685,-2.4655967
Alcampo,node/7147227085,Alcampo,Alcampo,,supermarket,,,,,,,,,"PH,Mo-Su 08:00-24:00",,41.655317,-0.8841706
Alcampo,node/7272699790,Alcampo,Alcampo,,supermarket,,,,,,,,,,,41.4032182,2.1816499
Alcampo,node/7504394309,Alcampo,Alcampo,,supermarket,,,,,,,,,,,40.4630031,-3.675144
Alcampo,node/7504394310,Alcampo,Alcampo,,supermarket,,,,,,,,,,,42.2196528,-8.7452889
Alcampo,node/7504394311,Alcampo,Alcampo,,supermarket,,,,,,,,,,,41.6435541,-0.9354633
Alcampo,node/7678030753,Mi Alcampo,Alcampo,Doce Octubre,supermarket,Calle Doce de Octubre 20,Calle Doce de Octubre,20,,,+34 976 27 97 50,,,"Mo-Su,PH 07:00-01:00",,41.6352085,-0.8780298
Alcampo,node/7880782058,Alcampo,Alcampo,,supermarket,,,,,,,,,"Mo-Sa 09:00-21:30; Su,PH 10:00-14:30",,40.4175677,-3.6644042
Alcampo,node/7969216305,Alcampo,Alcampo,,supermarket,,,,,,+34 93 356 20 00,,https://www.alcampo.es/,,,41.4096553,2.2167758
Alcampo,node/7998849486,Alcampo,Alcampo,,supermarket,,,,,,,,,,,42.5887832,-5.5631204
Alcampo,node/8025988213,Alcampo,Alcampo,,supermarket,Avenida Cosculluela 2,Avenida Cosculluela,2,50600,,+34 976 67 75 38,,,Mo-Sa 07:00-22:00,,42.1263308,-1.1389069
Alcampo,node/8064122944,Alcampo,Alcampo,,supermarket,Calle del Portillo de Balboa 4,Calle del Portillo de Balboa,4,47010,Valladolid,,,,Mo-Sa 09:00-21:30,,41.6586908,-4.7220788
Alcampo,node/8089844030,Alcampo,Alcampo,,supermarket,Avenida de Palencia 14,Avenida de Palencia,14,47011,Valladolid,,,,Mo-Sa 09:00-21:30,,41.6600398,-4.7180583
Alcampo,node/8098673804,Alcampo,Alcampo,,supermarket,,,,,,,,,,,37.166988,-3.6031146
Alcampo,node/8142722301,Alcampo,Alcampo,,supermarket,,,,,,,,,"PH,Mo-Su 09:00-22:00",,41.4463305,1.9764032
Alcampo,node/8145380150,Alcampo,Alcampo,,supermarket,Calle de Ricardo Ortiz 62-66,Calle de Ricardo Ortiz,62-66,28017,Madrid,+34 91 725 35 36,,https://www.alcampo.es/empresa/tienda/ricardo-ortiz,Mo-Sa 09:20-22:00; Su 10:00-21:00,,40.4242378,-3.6578471
Alcampo,node/8242312719,Alcampo,Alcampo,,supermarket,Calle Mayor 91,Calle Mayor,91,34001,Palencia,,,,Mo-Sa 09:00-21:30,,42.0067142,-4.5313045
Alcampo,node/8611729932,Mi Alcampo,Alcampo,,supermarket,Calle Batalla del Salado 3,Calle Batalla del Salado,3,28045,Madrid,+34 91 530 15 22,,https://www.alcampo.es/empresa/tienda/batalla-del-salado,Mo-Sa 09:00-22:00; Su 10:00-21:00,,40.404434,-3.6956506
Alcampo,node/8872074817,Alcampo,Alcampo,,supermarket,Gasteiz hiribidea,Gasteiz hiribidea,,,,,,,,,42.8448476,-2.6826053
Alcampo,node/8933869417,Mi Alcampo,Alcampo,,supermarket,,,,,,,,,,,41.3821997,2.1812818
Alcampo,node/8962697917,Mi Alcampo,Alcampo,,supermarket,,,,,,,,,,,40.4107306,-3.6955084
Alcampo,node/8995655192,Alcampo,Alcampo,,supermarket,,,,,,,,,Mo-Su 09:00-22:00,,41.6601646,-0.8766359
Alcampo,node/9106077116,Alcampo,Alcampo,,supermarket,Calle de Puentelarra 8,Calle de Puentelarra,8,28031,Madrid,+34 915783301,,https://www.alcampo.es/empresa/tienda/puentelarra,Mo-Sa 09:00-22:00; Su 10:00-21:00,,40.383767,-3.6078908
Alcampo,node/9199669564,Alcampo,Alcampo,,supermarket,,,,,,,,,07:00-01:00,,41.6304057,-0.9092906
Alcampo,node/9222563585,Alcampo,Alcampo,,supermarket,Calle del Doctor Montero 5,Calle del Doctor Montero,5,47005,Valladolid,,,,Mo-Sa 09:00-21:30,,41.6505976,-4.7147588
Alcampo,node/9269476394,Alcampo,Alcampo,,supermarket,,,,,,,,,,,40.3864045,-3.6501123
Alcampo,node/9422201358,Alcampo,Alcampo,,supermarket,Calle de Santa Engracia 41,Calle de Santa Engracia,41,28010,Madrid,,,,,,40.4322021,-3.697866
Alcampo,node/9507460139,Mi Alcampo,Alcampo,,supermarket,Calle de Bravo Murillo,Calle de Bravo Murillo,,,,,,,"Mo-Sa 09:00-22:00; Su,PH 10:00-21:00",yes,40.4587874,-3.7006319
Alcampo,node/9516411034,Mi Alcampo,Alcampo,,supermarket,,,,,,,,,Mo-Sa 09:00-22:00; Su 10:00-21:00,,40.4616778,-3.6999757
Alcampo,node/9525047484,Mi Alcampo,Alcampo,,supermarket,,,,,,,,,,,41.4510753,2.2376287
Alcampo,node/9754914402,Alcampo,Alcampo,,supermarket,,,,,,,,,,,41.4137345,2.2252206
Alcampo,node/9833796817,Alcampo,Alcampo,,supermarket,Calle de la Magdalena,Calle de la Magdalena,,33300,,+34 912 17 04 53,,,Mo-Sa 09:00-21:30,,43.4822744,-5.4337039
Alcampo,node/9913906217,MiAlcampo,Alcampo,,supermarket,,,,,,,,,08:00-01:00,,41.3898164,2.1648341
Alcampo,node/9993770698,Alcampo,Alcampo,,supermarket,,,,,,,,,,,42.2354284,-8.7101763
Alcampo,node/10011137811,Mi Alcampo,Alcampo,,supermarket,Calle de Imperio Argentina,Calle de Imperio Argentina,,28052,Madrid,,,,Mo-Sa 09:00-21:00 || Su 10:00-15:00,yes,40.4039951,-3.5613851
Alcampo,node/10118138833,Alcampo,Alcampo,,supermarket,Carrer del Batan 10,Carrer del Batan,10,,Reus,,,,,,41.1527744,1.1112449
Alcampo,node/10133096043,Alcampo,Alcampo,,supermarket,,,,,,,,,,,40.5061407,-3.3331142
Alcampo,node/10171097572,Alcampo,Alcampo,,supermarket,,,,,,,,,,,41.3854996,2.1829056
Alcampo,node/10233530647,Alcampo,Alcampo,,supermarket,,,,,,,,,Jun-Sep: Mo-Sa 09:30-22:00; Oct-May: Mo-Sa 09:00-21:00,yes,41.5547068,2.4333527
Alcampo,node/10250497195,Alcampo,Alcampo,,supermarket,,,,,,,,,,yes,43.5545518,-5.9289249
Alcampo,node/10265926077,Alcampo,Alcampo,,supermarket,,,,,,,,,Sep-Jun: Mo-Su 09:00-22:00; Jul-Aug: Mo-Su 09:00-23:00,yes,37.9308587,-0.7373666
Alcampo,node/10311301265,Alcampo,Alcampo,,supermarket,,,,,,,,,,,41.8306985,-0.769285
Alcampo,node/10723318566,Alcampo,Alcampo,,supermarket,,,,,,,,,,yes,41.7009832,2.8410261
Alcampo,node/10726525792,Alcampo,Alcampo,,supermarket,Plaza de San Juan 3,Plaza de San Juan,3,47002,Valladolid,,,,Mo-Sa 09:00-21:30,,41.6514727,-4.7178074
Alcampo,node/10761816203,Alcampo,Alcampo,,supermarket,Paseo de la Democracia 7,Paseo de la Democracia,7,,,+34 91 727 18 44,,https://www.alcampo.es/empresa/tienda/soto-henares,Mo-Sa 09:00-22:00; Su 10:00-15:00; PH 10:00-15:00,,40.4619903,-3.4404532
Alcampo,node/10922657173,Alcampo,Alcampo,,supermarket,,,,,,,,,,,40.2970586,-3.8383331
Alcampo,node/10926005045,Alcampo,Alcampo,,supermarket,,,,,Barcelona,,,,,,41.4187499,2.2052539
Alcampo,node/10959341329,Alcampo,Alcampo,,supermarket,,,,,,,,,,,40.379305,-3.6222867
Alcampo,node/11078801083,Alcampo,Alcampo,,supermarket,,,,,,,,,,,41.3543581,-1.6436179
Alcampo,node/11139240257,Alcampo,Alcampo,,supermarket,,,,,,,,,,,41.4054162,2.1347741
Alcampo,node/11206154580,Alcampo,Alcampo,,supermarket,,,,,,,,,,,43.4875076,-6.1110866
Alcampo,node/11230609308,Alcampo,Alcampo,,supermarket,Carretera de Tordesillas 17,Carretera de Tordesillas,17,49800,Toro,,,,Mo-Sa 09:00-21:30,,41.5255287,-5.380681
Alcampo,node/11302718669,Alcampo,Alcampo,,supermarket,,,,,,,,,,,41.4406293,2.1666292
Alcampo,node/11329557269,Alcampo,Alcampo,,supermarket,,,,,,,,,,,41.3937344,2.1420149
Alcampo,node/11353784810,Alcampo,Alcampo,,supermarket,,,,,,,,,,,43.2112818,-2.4189146
Alcampo,node/11360332929,Mi Alcampo,Alcampo,,supermarket,,,,,,,,,08:30-22:00,,41.3850787,2.1800343
Alcampo,node/11365044193,Alcampo,Alcampo,,supermarket,,,,,,,,,,,40.4276547,-3.6965005
Alcampo,node/11430021113,Alcampo,Alcampo,,supermarket,Mamariga kalea 139,Mamariga kalea,139,48980,Santurtzi,,,,,,43.332568,-3.0402558
Alcampo,node/11468827387,Alcampo,Alcampo,,supermarket,,,,,,,,,Mo-Sa 09:00-21:30,yes,41.6435785,-0.8826339
Alcampo,node/11536979302,Alcampo,Alcampo,,supermarket,,,,,,,,,,yes,41.6394438,-0.8814953
Alcampo,node/11641440675,Mi Alcampo,Alcampo,,supermarket,Carrer de Josep Ricart 35b,Carrer de Josep Ricart,35b,08980,Sant Feliu de Llobregat,,,,Mo-Su 09:00-22:00,,41.3825478,2.0517285
Alcampo,node/11663957002,Alcampo,Alcampo,,supermarket,,,,,,,,,,,40.6585749,-3.7536228
Alcampo,node/11682311788,Alcampo,Alcampo,,supermarket,Calle Duques de Nájera 49,Calle Duques de Nájera,49,26005,Logroño,+34913687857,,https://www.alcampo.es/empresa/tienda/duques-de-najera,Mo-Sa 09:00-22:00,,42.4599521,-2.4582765
Alcampo,node/11801819869,Alcampo,Alcampo,,supermarket,,,,,,,,,Mo-Fr 09:00-22:00; Sa-Su 09:00-21:00,,40.4258755,-3.6669976
Alcampo,node/11868621563,Alcampo,Alcampo,,supermarket,,,,,,,,,"Mo-Sa 09:00-21:30,Su,PH 10:00-14:30",,40.4272861,-3.6852954
Alcampo,node/11988834303,Alcampo,Alcampo,Zaragoza la Vieja,supermarket,Calle Zaragoza la Vieja 4,Calle Zaragoza la Vieja,4,50007,,+34 638 096 345,,,"Mo-Sa 09:00-21:30; Su, PH off",,41.6343456,-0.8754844
Alcampo,node/12135425983,Alcampo,Alcampo,,supermarket,,,,,,,,,,,42.8220096,-1.6517418
Alcampo,node/12299016201,Alcampo,Alcampo,,supermarket,,,,,,,,,,,41.3998216,2.1647072
Alcampo,node/12323872388,Mi Alcampo,Alcampo,,supermarket,,,,,,,,,"Mo-Fr 09:00-21:00; Sa,Su 10:00-14:30",,40.4713559,-3.6890251
Alcampo,node/12553459129,Alcampo,Alcampo,,supermarket,,,,,,,,,09:00-21:00,,41.6575125,-0.8938606
Alcampo,node/12643576729,Alcampo,Alcampo,,supermarket,,,,,,,,,,yes,43.4266061,-4.8627635
Alcampo,node/12736248983,Alcampo,Alcampo,,supermarket,Carrer Priorat 16,Carrer Priorat,16,08740,Sant Andreu de la Barca,,,,,,41.4523615,1.9618597
Alcampo,node/12966838679,Alcampo,Alcampo,,supermarket,,,,,,,,,Mo-Sa 09:00-21:30,,43.389273,-5.1867442
Alcampo,node/13009198802,Alcampo Supermercado,Alcampo,,supermarket,C. de la Cruz 2,C. de la Cruz,2,50400,,,,,Mo-Sa 09:00-21:30,,41.3372348,-1.2260388
Alcampo,node/13009202705,Alcampo Supermercado,Alcampo,,supermarket,C. de la Cruz 2,C. de la Cruz,2,50400,,,,,Mo-Sa 09:00-21:30,,41.3372348,-1.2260388
Alcampo,node/13009230001,Alcampo Supermercado,Alcampo,,supermarket,C. de la Cruz 2,C. de la Cruz,2,50400,,,,,Mo-Sa 09:00-21:30,,41.3372348,-1.2260388
Alcampo,node/13160623662,Mi Alcampo,Alcampo,,supermarket,Avenida de la Osa Mayor 62,Avenida de la Osa Mayor,62,28023,Madrid,,,,,,40.4590783,-3.7826891
Alcampo,node/13296575548,Alcampo,Alcampo,,supermarket,Carrer de Nàpols 146,Carrer de Nàpols,146,,,+34913687857,,,,,41.397097,2.1774099
Alcampo,node/13336030994,Alcampo,Alcampo,,supermarket,,,,22880,Canfran,,,,,,42.7519535,-0.5152705
Alcampo,node/13514976344,Alcampo,Alcampo,,supermarket,,,,,,,,,,,40.4332146,-3.7166148
Alcampo,node/13550647482,Alcampo,Alcampo,,supermarket,,,,,,,,,,,41.717134,-1.0253684
Alcampo,node/13621020843,Alcampo,Alcampo,,supermarket,,,,,,,,,,,41.6514842,-0.9134854
Alcampo,node/13684088398,Alcampo,Alcampo,,supermarket,,,,,,,,,,,41.6603845,-0.8694107
Alcampo,node/13690649804,Alcampo,Alcampo,,supermarket,,,,,,,,,,,40.3338474,-1.088455
Alcampo,node/13878759802,Alcampo,Alcampo,,supermarket,,,,,,,,,,,43.2873521,-5.6407429
Alcampo,node/13914542608,Mi Alcampo,Alcampo,,supermarket,,,,,,,,,,,40.3983566,-3.7081296
Alcampo,node/13983375075,Mi Alcampo,Alcampo,,supermarket,,,,,,,,,,,41.2200286,1.5363289
